{"nodes":{"7:2":{"id":"7:2","type":"RECTANGLE","name":"Rectangle 3","element":{"params":{}},"positioning":{"x":-2350,"y":-474,"rot":[[1,0],[0,1]],"width":218,"height":121},"color":[0.9607843160629272,0.9607843160629272,0.9607843160629272,1]},"7:3":{"id":"7:3","type":"RECTANGLE","name":"Rectangle 4","element":{"params":{}},"positioning":{"x":-2350,"y":-311,"rot":[[1,0],[0,1]],"width":218,"height":121},"color":[0.3137255012989044,0.7843137383460999,0.47058823704719543,1]},"4:10":{"id":"4:10","type":"RECTANGLE","name":"black png 1","element":{"params":{}},"positioning":{"x":-91,"y":123,"rot":[[1,0],[0,1]],"width":542,"height":542}},"4:15":{"id":"4:15","type":"RECTANGLE","name":"Rectangle 1","element":{"params":{}},"positioning":{"x":12,"y":757,"rot":[[1,0],[0,1]],"width":337,"height":8},"dropShadows":[{"color":[0,0,0,0.25],"offset":[0,4],"radius":11}],"color":[0.9125000238418579,0.9125000238418579,0.9125000238418579,1],"cornerRadius":252},"4:19":{"id":"4:19","type":"RECTANGLE","name":"Rectangle 2","element":{"params":{}},"positioning":{"x":12,"y":757,"rot":[[1,0],[0,1]],"width":34,"height":8},"dropShadows":[{"color":[0,0,0,0.25],"offset":[0,4],"radius":11}],"color":[0.3137255012989044,0.7843137383460999,0.47058823704719543,1],"cornerRadius":252},"4:17":{"id":"4:17","type":"TEXT","name":"NERGETIC","element":{"params":{}},"positioning":{"x":122,"y":571,"rot":[[1,0],[0,1]],"width":116,"height":36},"color":[0.3137255012989044,0.7843137383460999,0.47058823704719543,1],"characters":"NERGETIC","textAlignHorizontal":"LEFT","textAlignVertical":"TOP","textAutoResize":"WIDTH_AND_HEIGHT","paragraphIdent":0,"paragraphSpacing":0,"fontSize":24,"fontName":{"family":"Poppins","style":"SemiBold"},"textDecoration":"NONE","letterSpacing":"0%","lineHeight":"auto"},"4:20":{"id":"4:20","type":"TEXT","name":"Loading","element":{"params":{}},"positioning":{"x":154,"y":774,"rot":[[1,0],[0,1]],"width":52,"height":20},"color":[0,0,0,1],"characters":"Loading","textAlignHorizontal":"LEFT","textAlignVertical":"TOP","textAutoResize":"WIDTH_AND_HEIGHT","paragraphIdent":0,"paragraphSpacing":0,"fontSize":13,"fontName":{"family":"Poppins","style":"Regular"},"textDecoration":"NONE","letterSpacing":"0%","lineHeight":"auto"},"4:8":{"id":"4:8","type":"FRAME","name":"1","element":{"type":"frame","params":{}},"positioning":{"x":-2085,"y":-577,"rot":[[1,0],[0,1]],"width":360,"height":800},"color":[0.9607843160629272,0.9607843160629272,0.9607843160629272,1],"children":["4:10","4:15","4:19","4:17","4:20"]},"7:7":{"id":"7:7","type":"RECTANGLE","name":"Rectangle 5","element":{"params":{}},"positioning":{"x":-25,"y":-33,"rot":[[1,0],[0,1]],"width":435,"height":867},"color":[0.9607843160629272,0.9607843160629272,0.9607843160629272,1]},"7:9":{"id":"7:9","type":"TEXT","name":"Create An Account","element":{"params":{}},"positioning":{"x":17,"y":0,"rot":[[1,0],[0,1]],"width":327,"height":51},"color":[0.3137255012989044,0.7843137383460999,0.47058823704719543,1],"characters":"Create An Account","textAlignHorizontal":"LEFT","textAlignVertical":"TOP","textAutoResize":"WIDTH_AND_HEIGHT","paragraphIdent":0,"paragraphSpacing":0,"fontSize":34,"fontName":{"family":"Poppins","style":"SemiBold"},"textDecoration":"NONE","letterSpacing":"0%","lineHeight":"auto"},"7:10":{"id":"7:10","type":"UNKNOWN","name":"Rectangle 6","element":{"params":{}},"positioning":{"x":18,"y":42,"rot":[[1,0],[0,1]],"width":328,"height":4},"color":[0.3137255012989044,0.7843137383460999,0.47058823704719543,1],"cornerRadius":190,"figmaType":"VECTOR"},"7:12":{"id":"7:12","type":"TEXT","name":"Org Detalis","element":{"params":{}},"positioning":{"x":93,"y":70,"rot":[[1,0],[0,1]],"width":178,"height":34},"color":[0.3137255012989044,0.7843137383460999,0.47058823704719543,1],"characters":"Org Detalis","textAlignHorizontal":"LEFT","textAlignVertical":"TOP","textAutoResize":"WIDTH_AND_HEIGHT","paragraphIdent":0,"paragraphSpacing":0,"fontSize":34,"fontName":{"family":"Nexa Bold","style":"Regular"},"textDecoration":"NONE","letterSpacing":"0%","lineHeight":"auto"},"7:14":{"id":"7:14","type":"RECTANGLE","name":"Rectangle 7","element":{"params":{}},"positioning":{"x":17,"y":128,"rot":[[1,0],[0,1]],"width":326,"height":33},"dropShadows":[{"color":[1,1,1,0.6000000238418579],"offset":[1,5],"radius":4}],"color":[0,0,0,1],"cornerRadius":35},"7:23":{"id":"7:23","type":"RECTANGLE","name":"Rectangle 8","element":{"params":{}},"positioning":{"x":17,"y":192,"rot":[[1,0],[0,1]],"width":326,"height":33},"dropShadows":[{"color":[1,1,1,0.6000000238418579],"offset":[1,5],"radius":4}],"color":[0,0,0,1],"cornerRadius":35},"7:29":{"id":"7:29","type":"RECTANGLE","name":"Rectangle 9","element":{"params":{}},"positioning":{"x":17,"y":257,"rot":[[1,0],[0,1]],"width":326,"height":33},"dropShadows":[{"color":[1,1,1,0.6000000238418579],"offset":[1,5],"radius":4}],"color":[0,0,0,1],"cornerRadius":35},"7:15":{"id":"7:15","type":"TEXT","name":"org name","element":{"params":{}},"positioning":{"x":71,"y":131,"rot":[[1,0],[0,1]],"width":89,"height":27},"color":[1,1,1,0.5],"characters":"org name","textAlignHorizontal":"LEFT","textAlignVertical":"TOP","textAutoResize":"WIDTH_AND_HEIGHT","paragraphIdent":0,"paragraphSpacing":0,"fontSize":18,"fontName":{"family":"Poppins","style":"Regular"},"textDecoration":"NONE","letterSpacing":"0%","lineHeight":"auto"},"7:28":{"id":"7:28","type":"TEXT","name":"owner name","element":{"params":{}},"positioning":{"x":71,"y":195,"rot":[[1,0],[0,1]],"width":114,"height":27},"color":[1,1,1,0.5],"characters":"owner name","textAlignHorizontal":"LEFT","textAlignVertical":"TOP","textAutoResize":"WIDTH_AND_HEIGHT","paragraphIdent":0,"paragraphSpacing":0,"fontSize":18,"fontName":{"family":"Poppins","style":"Regular"},"textDecoration":"NONE","letterSpacing":"0%","lineHeight":"auto"},"11:2":{"id":"11:2","type":"TEXT","name":"discord link","element":{"params":{}},"positioning":{"x":71,"y":260,"rot":[[1,0],[0,1]],"width":102,"height":27},"color":[1,1,1,0.5],"characters":"discord link","textAlignHorizontal":"LEFT","textAlignVertical":"TOP","textAutoResize":"WIDTH_AND_HEIGHT","paragraphIdent":0,"paragraphSpacing":0,"fontSize":18,"fontName":{"family":"Poppins","style":"Regular"},"textDecoration":"NONE","letterSpacing":"0%","lineHeight":"auto"},"7:16":{"id":"7:16","type":"FRAME","name":"users","element":{"params":{}},"positioning":{"x":32,"y":132,"rot":[[1,0],[0,1]],"width":24,"height":24},"children":[]},"7:17":{"id":"7:17","type":"UNKNOWN","name":"Vector","element":{"params":{}},"positioning":{"x":30,"y":147,"rot":[[1,0],[0,1]],"width":16,"height":6},"border":{"color":[1,1,1,1],"weight":2},"figmaType":"VECTOR"},"7:18":{"id":"7:18","type":"UNKNOWN","name":"Vector","element":{"params":{}},"positioning":{"x":34,"y":135,"rot":[[1,0],[0,1]],"width":8,"height":8},"border":{"color":[1,1,1,1],"weight":2},"figmaType":"VECTOR"},"7:19":{"id":"7:19","type":"UNKNOWN","name":"Vector","element":{"params":{}},"positioning":{"x":49,"y":147,"rot":[[1,0],[0,1]],"width":3,"height":6},"border":{"color":[1,1,1,1],"weight":2},"figmaType":"VECTOR"},"7:20":{"id":"7:20","type":"UNKNOWN","name":"Vector","element":{"params":{}},"positioning":{"x":45,"y":135,"rot":[[1,0],[0,1]],"width":3,"height":8},"border":{"color":[1,1,1,1],"weight":2},"figmaType":"VECTOR"},"7:21":{"id":"7:21","type":"UNKNOWN","name":"Vector","element":{"params":{}},"positioning":{"x":28,"y":147,"rot":[[-1,0],[0,1]],"width":3,"height":6},"border":{"color":[1,1,1,1],"weight":2},"figmaType":"VECTOR"},"7:22":{"id":"7:22","type":"UNKNOWN","name":"Vector","element":{"params":{}},"positioning":{"x":30,"y":135.1300048828125,"rot":[[-1,0],[0,1]],"width":3.007843017578125,"height":7.75},"border":{"color":[1,1,1,1],"weight":2},"figmaType":"VECTOR"},"7:27":{"id":"7:27","type":"GROUP","name":"Group 1","element":{"params":{}},"positioning":{"x":25,"y":135,"rot":[[1,0],[0,1]],"width":27,"height":18},"children":["7:17","7:18","7:19","7:20","7:21","7:22"]},"7:25":{"id":"7:25","type":"UNKNOWN","name":"Vector","element":{"params":{}},"positioning":{"x":4.5,"y":15,"rot":[[1,0],[0,1]],"width":18,"height":6},"border":{"color":[1,1,1,1],"weight":2},"figmaType":"VECTOR"},"7:26":{"id":"7:26","type":"UNKNOWN","name":"Vector","element":{"params":{}},"positioning":{"x":9,"y":3,"rot":[[1,0],[0,1]],"width":9,"height":8},"border":{"color":[1,1,1,1],"weight":2},"figmaType":"VECTOR"},"7:24":{"id":"7:24","type":"FRAME","name":"user","element":{"params":{}},"positioning":{"x":25,"y":196,"rot":[[1,0],[0,1]],"width":27,"height":24},"children":["7:25","7:26"]},"7:4":{"id":"7:4","type":"FRAME","name":"2","element":{"params":{}},"positioning":{"x":-1678,"y":-577,"rot":[[1,0],[0,1]],"width":360,"height":800},"color":[1,1,1,1],"children":["7:7","7:9","7:10","7:12","7:14","7:23","7:29","7:15","7:28","11:2","7:16","7:27","7:24"]},"7:8":{"id":"7:8","type":"RECTANGLE","name":"WhatsApp Image 2022-01-12 at 12.47 1","element":{"params":{}},"positioning":{"x":-1271,"y":-577,"rot":[[1,0],[0,1]],"width":1024,"height":727}},"0:1":{"id":"0:1","type":"PAGE","name":"Page 1","element":{"params":{}},"children":["7:2","7:3","4:8","7:4","7:8"]},"0:0":{"id":"0:0","type":"DOCUMENT","name":"new app ui","element":{"params":{}},"pages":["0:1"]}},"document":"0:0","imageNames":{},"screens":[{"id":"4:8","imageIds":[]}],"homeScreenID":"4:8"}